first_name	last_name	profile_id	project	url	username
Jesse	Spaulding	2	EdgeProject	/u/jspauld	jspauld
Benjamin	Good	48	EdgeProject	/u/b_good	b_good
Kristina	Hettne	196	EdgeProject	/u/kristinahettne	kristinahettne
Daniel	Himmelstein	17	HHMI_Bcr_Abl	/u/dhimmel	dhimmel
Benjamin	Good	48	HHMI_Bcr_Abl	/u/b_good	b_good
Tong Shu	Li	176	HHMI_Bcr_Abl	/u/tongli	tongli
Tim	Putman	180	HHMI_Bcr_Abl	/u/timputman	timputman
Andrew	Su	181	HHMI_Bcr_Abl	/u/andrewsu	andrewsu
Obi	Griffith	187	HHMI_Bcr_Abl	/u/obigriffith	obigriffith
Jesse	Spaulding	2	MicrobeResist	/u/jspauld	jspauld
Holly	Ganz	4	MicrobeResist	/u/hollyganz	hollyganz
Jonathan	Eisen	5	MicrobeResist	/u/jonathaneisen	jonathaneisen
David	Coil	6	MicrobeResist	/u/davidcoil	davidcoil
Rachel	Adams	9	MicrobeResist	/u/adamsri	adamsri
Jack	Gilbert	10	MicrobeResist	/u/jackgilbert	jackgilbert
James	Meadow	14	MicrobeResist	/u/JamesMeadow	JamesMeadow
Jesse	Spaulding	2	dFoxPoperant	/u/jspauld	jspauld
Björn	Brembs	157	dFoxPoperant	/u/brembs	brembs
Sridhar	Gutam	189	issnindiadatabase	/u/sridhargutam	sridhargutam
Bisaso	Samuel	261	issnindiadatabase	/u/bisasosamuel	bisasosamuel
Jesse	Spaulding	2	meta	/u/jspauld	jspauld
Jonathan	Eisen	5	meta	/u/jonathaneisen	jonathaneisen
Daniel	Himmelstein	17	meta	/u/dhimmel	dhimmel
Casey	Greene	22	meta	/u/caseygreene	caseygreene
Antoine	Lizee	23	meta	/u/alizee	alizee
Daniel	Mietchen	25	meta	/u/daniel_mietchen	daniel_mietchen
Benjamin	Good	48	meta	/u/b_good	b_good
Jack	Park	55	meta	/u/jackpark	jackpark
Alex	Pankov	84	meta	/u/apankov	apankov
Jonathan	Wren	86	meta	/u/jonathanwren	jonathanwren
Lars Juhl	Jensen	125	meta	/u/larsjuhljensen	larsjuhljensen
Joseph	McArthur	159	meta	/u/josephmcarthur	josephmcarthur
Shelley	Mason	161	meta	/u/shelleymason	shelleymason
Tong Shu	Li	176	meta	/u/tongli	tongli
Pouya	Khankhanian	188	meta	/u/pouyakhankhanian	pouyakhankhanian
Bisaso	Samuel	261	meta	/u/bisasosamuel	bisasosamuel
Jesse	Spaulding	2	pathways4life	/u/jspauld	jspauld
Daniel	Himmelstein	17	pathways4life	/u/dhimmel	dhimmel
Venkat	Malladi	35	pathways4life	/u/vsmalladi	vsmalladi
Benjamin	Good	48	pathways4life	/u/b_good	b_good
Alexander	Pico	104	pathways4life	/u/alexanderpico	alexanderpico
Jesse	Spaulding	2	rephetio	/u/jspauld	jspauld
Daniel	Himmelstein	17	rephetio	/u/dhimmel	dhimmel
Sergio	Baranzini	20	rephetio	/u/sergiobaranzini	sergiobaranzini
Leo	Brueggeman	21	rephetio	/u/leobrueggeman	leobrueggeman
Casey	Greene	22	rephetio	/u/caseygreene	caseygreene
Antoine	Lizee	23	rephetio	/u/alizee	alizee
Venkat	Malladi	35	rephetio	/u/vsmalladi	vsmalladi
Benjamin	Good	48	rephetio	/u/b_good	b_good
Ritu 	Khare	72	rephetio	/u/ritukhare	ritukhare
Tudor	Oprea	75	rephetio	/u/TIOprea	TIOprea
Allison	McCoy	77	rephetio	/u/allisonmccoy	allisonmccoy
Caty	Chung	79	rephetio	/u/cchung	cchung
Mike	Gilson	80	rephetio	/u/mkgilson	mkgilson
Alessandro	Didonna	82	rephetio	/u/alessandrodidonna	alessandrodidonna
Alex	Pankov	84	rephetio	/u/apankov	apankov
Marina	Sirota	103	rephetio	/u/marinasirota	marinasirota
Alexander	Pico	104	rephetio	/u/alexanderpico	alexanderpico
Raghavendran	Partha	107	rephetio	/u/raghavpartha	raghavpartha
Chris	Mungall	109	rephetio	/u/chrismungall	chrismungall
Frederic	Bastian	111	rephetio	/u/fbastian	fbastian
Sabrina	Chen	112	rephetio	/u/sabrinachen	sabrinachen
Ola	O	113	rephetio	/u/akolow	akolow
Dexter	Hadley	121	rephetio	/u/idrdex	idrdex
Lars Juhl	Jensen	125	rephetio	/u/larsjuhljensen	larsjuhljensen
janet	piñero	129	rephetio	/u/janispi	janispi
MacKenzie	Smith	135	rephetio	/u/mackenziesmith	mackenziesmith
Katie	Fortney	137	rephetio	/u/katiefortney	katiefortney
Chrissy	Hessler	172	rephetio	/u/chrissyhessler	chrissyhessler
Pouya	Khankhanian	188	rephetio	/u/pouyakhankhanian	pouyakhankhanian
Kathleen	Keough	203	rephetio	/u/kathleenk	kathleenk
Beau	Norgeot	204	rephetio	/u/beaunorgeot	beaunorgeot
Misha	Vysotskiy	205	rephetio	/u/mishavysotskiy	mishavysotskiy
Jeffrey	Kim	206	rephetio	/u/jeffreykim	jeffreykim
Julia	Cluceru	208	rephetio	/u/juliacluceru	juliacluceru
Marjorie	Imperial	209	rephetio	/u/marjorieimperial	marjorieimperial
Emmalyn	Chen	210	rephetio	/u/emmalynchen	emmalynchen
Jasleen	Sodhi	211	rephetio	/u/jasleensodhi	jasleensodhi
Elizabeth	Levy	213	rephetio	/u/elizabethlevy1	elizabethlevy1
Greg	Way	224	rephetio	/u/gregway	gregway
Alexey	Strokach	226	rephetio	/u/ostrokach	ostrokach
Craig	Knox	241	rephetio	/u/cknoxrun	cknoxrun
Oleg	Ursu	242	rephetio	/u/olegursu	olegursu
Christopher	Southan	248	rephetio	/u/christophersouthan	christophersouthan
Jesse	Spaulding	2	thinklabOSP	/u/jspauld	jspauld
Daniel	Himmelstein	17	thinklabOSP	/u/dhimmel	dhimmel
Casey	Greene	22	thinklabOSP	/u/caseygreene	caseygreene
Daniel	Mietchen	25	thinklabOSP	/u/daniel_mietchen	daniel_mietchen
Michael	Crusoe	68	thinklabOSP	/u/michael_r_crusoe	michael_r_crusoe
Lars Juhl	Jensen	125	thinklabOSP	/u/larsjuhljensen	larsjuhljensen
